Model,mAP@50,Precision,Recall,F1-score
RT-DETR,0.9455028726302771,0.9093485287635975,0.9615203015347737,0.9340262665028622
