Model,mAP@50,Precision,Recall,F1-score
YOLOv10n,0.9255162814460696,0.9189371006775683,0.9129864411437046,0.9158860322308255
